{
    "affinity_pred_value": -1.075978398323059,
    "affinity_probability_binary": 0.579107403755188,
    "affinity_pred_value1": -1.0481351613998413,
    "affinity_probability_binary1": 0.6532450914382935,
    "affinity_pred_value2": -1.1038216352462769,
    "affinity_probability_binary2": 0.5049697756767273
}