{
    "confidence_score": 0.9600597620010376,
    "ptm": 0.9778453707695007,
    "iptm": 0.9832287430763245,
    "ligand_iptm": 0.9832287430763245,
    "protein_iptm": 0.0,
    "complex_plddt": 0.9542674422264099,
    "complex_iplddt": 0.9411542415618896,
    "complex_pde": 0.3201996684074402,
    "complex_ipde": 0.399920791387558,
    "chains_ptm": {
        "0": 0.978345513343811,
        "1": 0.9270649552345276
    },
    "pair_chains_iptm": {
        "0": {
            "0": 0.978345513343811,
            "1": 0.6996849775314331
        },
        "1": {
            "0": 0.9832287430763245,
            "1": 0.9270649552345276
        }
    }
}